NAME,deaths,Mean usual hours (Men+Women),Total 2020 16+ civilian employed,"2020 16+ civilian employed in: Agriculture, forestry, fishing, and hunting)"
"Adams County, Indiana",1975.0,38.2,10869.0,354.0
"Adams County, Pennsylvania",6270.0,38.0,35258.0,1062.0
"Alachua County, Florida",11382.0,36.4,82959.0,667.0
"Alameda County, California",75187.0,38.3,623334.0,1488.0
"Albany County, New York",34946.0,37.0,107984.0,153.0
"Allegany County, New York",3452.0,36.6,12168.0,363.0
"Allegheny County, Pennsylvania",86524.0,38.7,452249.0,531.0
"Allen County, Indiana",50646.0,38.7,129846.0,536.0
"Alpine County, California",0.0,37.2,267.0,22.0
"Amador County, California",2343.0,38.9,9717.0,499.0
"Anderson County, Texas",5550.0,41.0,14467.0,320.0
"Andrews County, Texas",1801.0,42.5,6934.0,59.0
"Angelina County, Texas",13834.0,40.9,27481.0,632.0
"Aransas County, Texas",2809.0,36.9,5865.0,4.0
"Archer County, Texas",221.0,40.1,3260.0,190.0
"Armstrong County, Pennsylvania",4460.0,39.7,20943.0,203.0
"Armstrong County, Texas",204.0,41.4,728.0,80.0
"Atascosa County, Texas",5546.0,39.7,14883.0,242.0
"Austin County, Texas",1407.0,41.0,10496.0,132.0
"Bailey County, Texas",947.0,39.0,1760.0,489.0
"Baker County, Florida",3239.0,40.0,8745.0,11.0
"Bandera County, Texas",1210.0,37.2,6396.0,366.0
"Bartholomew County, Indiana",13733.0,38.9,28349.0,159.0
"Bastrop County, Texas",5316.0,40.3,28745.0,194.0
"Bay County, Florida",19147.0,39.4,56899.0,430.0
"Baylor County, Texas",362.0,41.5,1144.0,180.0
"Beaver County, Pennsylvania",28917.0,38.8,55744.0,169.0
"Bedford County, Pennsylvania",3282.0,38.8,15384.0,493.0
"Bee County, Texas",5000.0,39.7,7320.0,99.0
"Bell County, Texas",15298.0,40.5,102860.0,355.0
"Benton County, Indiana",189.0,39.7,2859.0,346.0
"Berks County, Pennsylvania",94327.0,38.5,145107.0,2631.0
"Bexar County, Texas",212995.0,39.2,664439.0,1303.0
"Blackford County, Indiana",1305.0,40.4,3659.0,46.0
"Blair County, Pennsylvania",6651.0,38.3,39627.0,409.0
"Blanco County, Texas",932.0,40.8,4235.0,173.0
"Boone County, Indiana",12161.0,40.3,25863.0,311.0
"Borden County, Texas",0.0,38.7,158.0,38.0
"Bosque County, Texas",1465.0,40.2,5870.0,133.0
"Bowie County, Texas",14064.0,39.9,29285.0,317.0
"Bradford County, Florida",2063.0,38.9,7308.0,72.0
"Bradford County, Pennsylvania",3039.0,40.0,19622.0,742.0
"Brazoria County, Texas",27891.0,40.9,133142.0,553.0
"Brazos County, Texas",14928.0,36.8,71300.0,625.0
"Brevard County, Florida",53266.0,38.1,182139.0,688.0
"Brewster County, Texas",675.0,41.5,3265.0,104.0
"Briscoe County, Texas",196.0,40.6,426.0,92.0
"Brooks County, Texas",3116.0,37.1,1481.0,99.0
"Broome County, New York",22146.0,36.0,53482.0,128.0
"Broward County, Florida",254355.0,38.9,698459.0,1195.0
"Brown County, Indiana",672.0,38.7,4808.0,17.0
"Brown County, Texas",6417.0,39.8,12051.0,355.0
"Bucks County, Pennsylvania",147840.0,39.1,240722.0,637.0
"Burleson County, Texas",1173.0,41.9,5776.0,299.0
"Burnet County, Texas",2449.0,38.7,14943.0,123.0
"Butler County, Pennsylvania",8700.0,39.4,67185.0,458.0
"Butte County, California",7094.0,36.3,56564.0,2088.0
"Calaveras County, California",2172.0,38.0,11402.0,321.0
"Caldwell County, Texas",5690.0,40.2,14887.0,165.0
"Calhoun County, Florida",2698.0,41.1,3358.0,188.0
"Calhoun County, Texas",1544.0,41.9,8131.0,397.0
"Callahan County, Texas",1026.0,40.8,4366.0,177.0
"Cambria County, Pennsylvania",6692.0,37.8,39187.0,286.0
"Cameron County, Pennsylvania",30.0,37.5,1349.0,84.0
"Cameron County, Texas",150490.0,38.3,114373.0,1273.0
"Camp County, Texas",1958.0,40.5,3821.0,111.0
"Carbon County, Pennsylvania",8499.0,39.1,22088.0,214.0
"Carroll County, Indiana",2023.0,40.6,7332.0,275.0
"Carson County, Texas",205.0,42.2,2414.0,252.0
"Cass County, Indiana",4043.0,38.9,12781.0,240.0
"Cass County, Texas",3741.0,40.2,9227.0,147.0
"Castro County, Texas",1132.0,42.9,2624.0,691.0
"Cattaraugus County, New York",2810.0,37.7,22614.0,434.0
"Cayuga County, New York",892.0,38.1,23863.0,866.0
"Centre County, Pennsylvania",5880.0,36.1,50541.0,553.0
"Chambers County, Texas",2761.0,40.6,14117.0,116.0
"Charlotte County, Florida",29562.0,38.5,42396.0,143.0
"Chautauqua County, New York",1297.0,37.5,37128.0,962.0
"Chemung County, New York",4061.0,37.7,25728.0,185.0
"Chenango County, New York",1387.0,38.5,15153.0,533.0
"Cherokee County, Texas",5732.0,41.0,15545.0,628.0
"Chester County, Pennsylvania",86267.0,39.0,195124.0,4212.0
"Childress County, Texas",137.0,43.5,2339.0,354.0
"Citrus County, Florida",20136.0,38.6,32189.0,340.0
"Clarion County, Pennsylvania",1364.0,38.4,11982.0,197.0
"Clark County, Indiana",15736.0,38.7,43271.0,127.0
"Clay County, Florida",20717.0,39.5,71049.0,406.0
"Clay County, Indiana",2234.0,40.3,8870.0,78.0
"Clay County, Texas",537.0,41.9,3695.0,196.0
"Clearfield County, Pennsylvania",1485.0,38.4,23525.0,324.0
"Clinton County, Indiana",3228.0,38.9,10849.0,396.0
"Clinton County, New York",1199.0,37.7,24948.0,592.0
"Clinton County, Pennsylvania",1554.0,38.9,12542.0,258.0
"Cochran County, Texas",369.0,45.3,881.0,151.0
"Coke County, Texas",855.0,41.2,1039.0,34.0
"Coleman County, Texas",741.0,40.3,2709.0,155.0
"Collier County, Florida",42064.0,38.9,107006.0,1716.0
"Collin County, Texas",32689.0,40.1,405489.0,886.0
"Collingsworth County, Texas",112.0,34.6,882.0,107.0
"Colorado County, Texas",778.0,41.3,7130.0,328.0
"Columbia County, Florida",10434.0,40.3,19323.0,343.0
"Columbia County, New York",11559.0,38.3,20016.0,688.0
"Columbia County, Pennsylvania",9467.0,37.8,21000.0,329.0
"Colusa County, California",955.0,43.2,6521.0,1457.0
"Comal County, Texas",19144.0,39.9,50767.0,204.0
"Comanche County, Texas",1132.0,41.8,4637.0,414.0
"Concho County, Texas",266.0,41.6,612.0,65.0
"Contra Costa County, California",40409.0,38.1,382501.0,1735.0
"Cooke County, Texas",1499.0,40.5,14368.0,529.0
"Cortland County, New York",579.0,37.2,15560.0,413.0
"Coryell County, Texas",2346.0,42.8,17595.0,234.0
"Cottle County, Texas",568.0,42.1,460.0,61.0
"Crane County, Texas",1081.0,41.4,1500.0,0.0
"Crawford County, Indiana",491.0,39.9,3112.0,12.0
"Crawford County, Pennsylvania",2050.0,38.9,26346.0,727.0
"Crockett County, Texas",1011.0,45.9,1552.0,266.0
"Crosby County, Texas",1275.0,37.7,1773.0,215.0
"Culberson County, Texas",394.0,44.1,713.0,63.0
"Cumberland County, Pennsylvania",21999.0,38.4,90332.0,774.0
"Dallam County, Texas",1664.0,42.9,2559.0,584.0
"Dallas County, Texas",222358.0,40.2,998680.0,1643.0
"Dauphin County, Pennsylvania",39650.0,39.1,102419.0,1569.0
"Daviess County, Indiana",7604.0,39.3,10526.0,538.0
"Dawson County, Texas",3138.0,41.1,3211.0,438.0
"DeKalb County, Indiana",3343.0,39.8,16016.0,398.0
"DeSoto County, Florida",5463.0,40.6,9571.0,1206.0
"DeWitt County, Texas",5887.0,42.2,5690.0,189.0
"Deaf Smith County, Texas",5574.0,43.0,6690.0,991.0
"Dearborn County, Indiana",7017.0,38.7,18296.0,70.0
"Decatur County, Indiana",10453.0,40.5,9804.0,452.0
"Del Norte County, California",154.0,37.4,6026.0,366.0
"Delaware County, Indiana",16360.0,35.7,32125.0,351.0
"Delaware County, New York",794.0,37.9,12409.0,492.0
"Delaware County, Pennsylvania",183109.0,38.1,198413.0,513.0
"Delta County, Texas",94.0,40.9,1530.0,87.0
"Denton County, Texas",30817.0,39.9,347651.0,946.0
"Dickens County, Texas",409.0,39.3,553.0,65.0
"Dimmit County, Texas",1085.0,36.0,2214.0,16.0
"Dixie County, Florida",1517.0,37.4,3558.0,178.0
"Donley County, Texas",244.0,41.0,1133.0,238.0
"Dubois County, Indiana",4189.0,41.2,16551.0,528.0
"Dutchess County, New York",40789.0,37.7,100470.0,1055.0
"Duval County, Florida",75627.0,39.6,338645.0,315.0
"Duval County, Texas",2681.0,40.4,2995.0,160.0
"Eastland County, Texas",930.0,39.6,4799.0,272.0
"Ector County, Texas",18551.0,42.9,57482.0,98.0
"Edwards County, Texas",221.0,40.0,491.0,162.0
"El Dorado County, California",700.0,37.4,55906.0,735.0
"El Paso County, Texas",122336.0,39.0,246500.0,630.0
"Elk County, Pennsylvania",673.0,38.9,11497.0,96.0
"Elkhart County, Indiana",29198.0,38.4,67101.0,782.0
"Ellis County, Texas",14658.0,40.4,67506.0,294.0
"Erath County, Texas",2428.0,37.3,12614.0,898.0
"Erie County, New York",161758.0,37.6,308345.0,963.0
"Erie County, Pennsylvania",10088.0,37.6,85650.0,578.0
"Escambia County, Florida",41943.0,38.5,92440.0,296.0
"Essex County, New York",1677.0,38.3,11366.0,197.0
"Falls County, Texas",1183.0,40.1,4291.0,315.0
"Fannin County, Texas",3765.0,41.2,10868.0,360.0
"Fayette County, Indiana",3959.0,40.0,7085.0,50.0
"Fayette County, Pennsylvania",3325.0,39.2,38145.0,178.0
"Fayette County, Texas",3597.0,39.9,8434.0,244.0
"Fisher County, Texas",561.0,42.3,1541.0,139.0
"Flagler County, Florida",5223.0,38.0,30793.0,135.0
"Floyd County, Indiana",14779.0,38.7,27899.0,78.0
"Floyd County, Texas",1737.0,41.3,1781.0,290.0
"Foard County, Texas",169.0,42.2,381.0,70.0
"Forest County, Pennsylvania",120.0,35.8,929.0,46.0
"Fort Bend County, Texas",49458.0,39.3,278710.0,1019.0
"Fountain County, Indiana",1129.0,39.5,5272.0,142.0
"Franklin County, Florida",550.0,38.5,2674.0,81.0
"Franklin County, Indiana",4902.0,39.9,8672.0,190.0
"Franklin County, New York",478.0,38.2,13760.0,506.0
"Franklin County, Pennsylvania",15583.0,39.4,53679.0,1703.0
"Franklin County, Texas",1103.0,41.9,3677.0,196.0
"Freestone County, Texas",981.0,43.4,5661.0,279.0
"Fresno County, California",66630.0,38.2,269268.0,19122.0
"Frio County, Texas",1337.0,40.9,4992.0,580.0
"Fulton County, Indiana",1466.0,40.2,6543.0,225.0
"Fulton County, New York",5643.0,38.6,17667.0,201.0
"Fulton County, Pennsylvania",652.0,38.4,4865.0,115.0
"Gadsden County, Florida",7617.0,39.1,12794.0,334.0
"Gaines County, Texas",1782.0,44.4,6728.0,770.0
"Galveston County, Texas",29216.0,40.2,116648.0,470.0
"Garza County, Texas",1209.0,40.9,1281.0,19.0
"Genesee County, New York",2066.0,38.6,20263.0,648.0
"Gibson County, Indiana",2637.0,39.9,12480.0,362.0
"Gilchrist County, Florida",2282.0,39.6,5300.0,326.0
"Gillespie County, Texas",1523.0,39.0,7976.0,512.0
"Glades County, Florida",1077.0,39.9,3057.0,259.0
"Glasscock County, Texas",29.0,45.8,403.0,113.0
"Glenn County, California",811.0,39.8,7608.0,1826.0
"Goliad County, Texas",935.0,39.9,2379.0,121.0
"Gonzales County, Texas",3095.0,43.2,7336.0,418.0
"Grant County, Indiana",9706.0,36.9,18586.0,198.0
"Gray County, Texas",2044.0,41.3,6777.0,312.0
"Grayson County, Texas",10735.0,40.0,45955.0,330.0
"Greene County, Indiana",9614.0,38.3,10139.0,136.0
"Greene County, New York",2684.0,37.8,14493.0,154.0
"Greene County, Pennsylvania",431.0,38.9,10264.0,30.0
"Gregg County, Texas",13347.0,40.0,40929.0,22.0
"Grimes County, Texas",5435.0,40.6,7812.0,341.0
"Guadalupe County, Texas",12262.0,40.2,58699.0,296.0
"Gulf County, Florida",2287.0,38.3,3564.0,84.0
"Hale County, Texas",11161.0,40.5,10516.0,788.0
"Hall County, Texas",334.0,39.9,784.0,156.0
"Hamilton County, Florida",1426.0,38.5,2598.0,236.0
"Hamilton County, Indiana",33038.0,39.5,129056.0,672.0
"Hamilton County, New York",148.0,37.0,1428.0,60.0
"Hamilton County, Texas",988.0,40.7,2405.0,151.0
"Hancock County, Indiana",10984.0,40.1,30461.0,287.0
"Hansford County, Texas",1129.0,42.1,1675.0,435.0
"Hardee County, Florida",2228.0,39.8,7012.0,627.0
"Hardeman County, Texas",331.0,40.3,1449.0,142.0
"Hardin County, Texas",5416.0,40.3,18669.0,11.0
"Harris County, Texas",434247.0,40.1,1675201.0,2681.0
"Harrison County, Indiana",6190.0,38.7,12534.0,95.0
"Harrison County, Texas",8571.0,40.3,20254.0,218.0
"Hartley County, Texas",481.0,45.5,1591.0,330.0
"Haskell County, Texas",483.0,42.5,1761.0,168.0
"Hays County, Texas",12584.0,38.5,80072.0,152.0
"Hemphill County, Texas",62.0,41.5,1320.0,126.0
"Henderson County, Texas",5635.0,40.5,22688.0,560.0
"Hendricks County, Indiana",33403.0,39.6,65232.0,416.0
"Hendry County, Florida",8358.0,40.7,13070.0,1759.0
"Henry County, Indiana",5820.0,40.0,14682.0,150.0
"Herkimer County, New York",1809.0,37.9,19566.0,488.0
"Hernando County, Florida",23965.0,38.8,50561.0,570.0
"Hidalgo County, Texas",266295.0,39.1,222568.0,2869.0
"Highlands County, Florida",17680.0,38.3,22672.0,857.0
"Hill County, Texas",2473.0,40.1,11350.0,433.0
"Hillsborough County, Florida",124091.0,39.3,519455.0,3549.0
"Hockley County, Texas",4044.0,40.9,7361.0,414.0
"Holmes County, Florida",1623.0,38.8,5017.0,269.0
"Hood County, Texas",5846.0,42.1,19127.0,209.0
"Hopkins County, Texas",4390.0,41.2,12841.0,379.0
"Houston County, Texas",1942.0,41.1,6201.0,447.0
"Howard County, Indiana",15461.0,39.0,25730.0,285.0
"Howard County, Texas",3657.0,41.0,10474.0,179.0
"Hudspeth County, Texas",520.0,42.4,933.0,105.0
"Humboldt County, California",1538.0,35.8,35624.0,1757.0
"Hunt County, Texas",7383.0,39.1,30712.0,288.0
"Huntingdon County, Pennsylvania",4218.0,38.2,12718.0,385.0
"Huntington County, Indiana",1462.0,38.0,13112.0,217.0
"Hutchinson County, Texas",1953.0,39.1,6305.0,65.0
"Imperial County, California",56509.0,37.5,37722.0,3059.0
"Indian River County, Florida",19116.0,38.1,39797.0,783.0
"Indiana County, Pennsylvania",4923.0,37.8,23735.0,428.0
"Inyo County, California",2197.0,37.7,5194.0,253.0
"Irion County, Texas",0.0,44.6,559.0,34.0
"Jack County, Texas",452.0,43.5,2420.0,89.0
"Jackson County, Florida",12550.0,38.7,12822.0,523.0
"Jackson County, Indiana",3406.0,40.4,15443.0,534.0
"Jackson County, Texas",2375.0,40.4,4499.0,207.0
"Jasper County, Indiana",1526.0,39.3,10301.0,499.0
"Jasper County, Texas",4549.0,40.0,9464.0,227.0
"Jay County, Indiana",1132.0,40.0,6897.0,452.0
"Jeff Davis County, Texas",27.0,39.0,505.0,128.0
"Jefferson County, Florida",1759.0,38.9,4095.0,152.0
"Jefferson County, Indiana",1526.0,39.4,10639.0,95.0
"Jefferson County, New York",316.0,41.0,28654.0,613.0
"Jefferson County, Pennsylvania",1047.0,39.0,13807.0,213.0
"Jefferson County, Texas",25532.0,39.1,76989.0,466.0
"Jennings County, Indiana",3497.0,40.5,10388.0,201.0
"Jim Hogg County, Texas",751.0,37.6,1346.0,23.0
"Jim Wells County, Texas",6384.0,40.7,12162.0,383.0
"Johnson County, Indiana",35241.0,39.7,58941.0,486.0
"Johnson County, Texas",11396.0,40.7,62148.0,478.0
"Jones County, Texas",811.0,40.3,3903.0,180.0
"Juniata County, Pennsylvania",2230.0,39.5,8744.0,435.0
"Karnes County, Texas",2401.0,40.6,3712.0,65.0
"Kaufman County, Texas",9438.0,40.3,46389.0,249.0
"Kendall County, Texas",1728.0,39.2,14272.0,178.0
"Kenedy County, Texas",257.0,38.4,127.0,59.0
"Kent County, Texas",46.0,45.4,186.0,7.0
"Kern County, California",62450.0,38.7,223995.0,23578.0
"Kerr County, Texas",2409.0,40.2,15784.0,354.0
"Kimble County, Texas",315.0,40.1,1281.0,128.0
"King County, Texas",0.0,48.3,85.0,37.0
"Kings County, California",14307.0,40.0,37801.0,5985.0
"Kinney County, Texas",206.0,42.4,984.0,60.0
"Kleberg County, Texas",6593.0,37.8,7806.0,282.0
"Knox County, Indiana",2015.0,39.1,12571.0,404.0
"Knox County, Texas",1228.0,43.0,1231.0,209.0
"Kosciusko County, Indiana",5209.0,39.5,27608.0,640.0
"La Salle County, Texas",1588.0,38.5,1892.0,233.0
"LaGrange County, Indiana",3640.0,38.5,10734.0,386.0
"LaPorte County, Indiana",12066.0,38.8,32806.0,401.0
"Lackawanna County, Pennsylvania",51696.0,38.0,70837.0,290.0
"Lafayette County, Florida",2070.0,40.6,2301.0,329.0
"Lake County, California",1970.0,37.5,14194.0,825.0
"Lake County, Florida",31735.0,39.4,105937.0,1374.0
"Lake County, Indiana",82476.0,38.8,152529.0,354.0
"Lamar County, Texas",8109.0,40.6,15843.0,743.0
"Lamb County, Texas",4671.0,41.8,4144.0,551.0
"Lampasas County, Texas",1304.0,39.3,6591.0,135.0
"Lancaster County, Pennsylvania",107230.0,38.6,187516.0,4532.0
"Lassen County, California",238.0,38.6,5811.0,326.0
"Lavaca County, Texas",5671.0,41.1,6827.0,230.0
"Lawrence County, Indiana",8504.0,38.8,15593.0,154.0
"Lawrence County, Pennsylvania",7479.0,38.6,26437.0,317.0
"Lebanon County, Pennsylvania",15691.0,39.0,47861.0,1176.0
"Lee County, Florida",89851.0,38.7,225348.0,1616.0
"Lee County, Texas",2542.0,40.6,5755.0,126.0
"Lehigh County, Pennsylvania",80679.0,38.4,125455.0,605.0
"Leon County, Florida",14949.0,36.2,97400.0,205.0
"Leon County, Texas",1556.0,40.4,4932.0,361.0
"Levy County, Florida",1721.0,38.8,10722.0,376.0
"Lewis County, New York",956.0,39.8,8208.0,685.0
"Liberty County, Florida",1591.0,40.8,1972.0,135.0
"Liberty County, Texas",8889.0,41.7,22950.0,452.0
"Limestone County, Texas",2185.0,40.9,6580.0,267.0
"Lipscomb County, Texas",218.0,41.8,1194.0,108.0
"Live Oak County, Texas",1285.0,41.0,3127.0,70.0
"Livingston County, New York",1737.0,36.6,19324.0,608.0
"Llano County, Texas",451.0,39.6,5464.0,104.0
"Los Angeles County, California",1331978.0,38.0,3412265.0,11966.0
"Lubbock County, Texas",39788.0,38.6,104796.0,1482.0
"Luzerne County, Pennsylvania",51489.0,38.5,106779.0,578.0
"Lycoming County, Pennsylvania",7103.0,39.0,37000.0,379.0
"Lynn County, Texas",1146.0,41.9,1867.0,194.0
"Madera County, California",11722.0,38.2,38609.0,5345.0
"Madison County, Florida",3594.0,40.0,4486.0,99.0
"Madison County, Indiana",24199.0,38.6,39602.0,450.0
"Madison County, New York",2590.0,37.6,23020.0,794.0
"Madison County, Texas",1213.0,43.1,3891.0,458.0
"Manatee County, Florida",59210.0,38.7,114301.0,853.0
"Marin County, California",19948.0,38.5,82700.0,553.0
"Marion County, Florida",46680.0,38.7,92841.0,2336.0
"Marion County, Indiana",198285.0,38.7,334559.0,330.0
"Marion County, Texas",2197.0,39.2,2672.0,53.0
"Mariposa County, California",445.0,37.8,4279.0,156.0
"Marshall County, Indiana",5753.0,39.0,14947.0,275.0
"Martin County, Florida",25117.0,38.0,45157.0,871.0
"Martin County, Indiana",358.0,39.8,3500.0,66.0
"Martin County, Texas",1166.0,41.5,2004.0,275.0
"Mason County, Texas",237.0,41.8,1208.0,184.0
"Matagorda County, Texas",8120.0,40.1,10864.0,665.0
"Maverick County, Texas",20231.0,39.6,15245.0,383.0
"McCulloch County, Texas",681.0,43.7,2456.0,103.0
"McKean County, Pennsylvania",628.0,38.4,12759.0,218.0
"McLennan County, Texas",22927.0,38.4,82868.0,664.0
"McMullen County, Texas",97.0,45.1,230.0,26.0
"Medina County, Texas",7100.0,40.7,16004.0,183.0
"Menard County, Texas",155.0,44.2,676.0,108.0
"Mendocino County, California",3037.0,37.3,22051.0,1423.0
"Merced County, California",24119.0,38.7,70760.0,7927.0
"Mercer County, Pennsylvania",5839.0,38.0,32981.0,386.0
"Miami County, Indiana",1436.0,38.8,11154.0,228.0
"Miami-Dade County, Florida",581489.0,38.7,1005171.0,6265.0
"Midland County, Texas",16834.0,42.9,65279.0,189.0
"Mifflin County, Pennsylvania",3146.0,38.5,16080.0,450.0
"Milam County, Texas",1179.0,40.1,7778.0,270.0
"Mills County, Texas",375.0,38.9,1232.0,96.0
"Mitchell County, Texas",528.0,40.8,2048.0,85.0
"Modoc County, California",2.0,39.6,2185.0,495.0
"Mono County, California",464.0,38.6,5393.0,110.0
"Monroe County, Florida",3966.0,40.1,28356.0,486.0
"Monroe County, Indiana",9498.0,34.4,43524.0,129.0
"Monroe County, New York",66544.0,37.5,249787.0,1076.0
"Monroe County, Pennsylvania",31591.0,37.8,55891.0,235.0
"Montague County, Texas",1685.0,41.6,5830.0,247.0
"Monterey County, California",15445.0,39.0,122720.0,14916.0
"Montgomery County, Indiana",5538.0,39.2,13351.0,173.0
"Montgomery County, New York",2303.0,38.0,15329.0,368.0
"Montgomery County, Pennsylvania",209589.0,39.1,313933.0,564.0
"Montgomery County, Texas",29126.0,40.7,209787.0,693.0
"Montour County, Pennsylvania",1526.0,39.0,5811.0,100.0
"Moore County, Texas",4979.0,43.7,8042.0,790.0
"Morgan County, Indiana",9696.0,39.5,25386.0,247.0
"Morris County, Texas",757.0,39.7,4138.0,53.0
"Motley County, Texas",84.0,42.6,399.0,120.0
"Nacogdoches County, Texas",12461.0,37.8,18298.0,453.0
"Napa County, California",2818.0,37.5,46462.0,2357.0
"Nassau County, Florida",6671.0,39.4,26864.0,140.0
"Nassau County, New York",620865.0,38.6,494534.0,586.0
"Navarro County, Texas",5879.0,39.9,15241.0,445.0
"Nevada County, California",1854.0,36.5,27250.0,429.0
"New York County, New York",5973826.0,41.9,668675.0,303.0
"Newton County, Indiana",3122.0,40.5,4479.0,284.0
"Newton County, Texas",1799.0,39.5,3263.0,78.0
"Niagara County, New York",20652.0,37.2,68505.0,568.0
"Noble County, Indiana",8322.0,39.8,16385.0,300.0
"Nolan County, Texas",1111.0,41.1,4405.0,116.0
"Northampton County, Pennsylvania",71372.0,38.6,108174.0,634.0
"Northumberland County, Pennsylvania",14281.0,38.4,29763.0,299.0
"Nueces County, Texas",66545.0,40.2,122663.0,611.0
"Ochiltree County, Texas",1037.0,41.5,3228.0,173.0
"Ohio County, Indiana",1073.0,41.5,2210.0,31.0
"Okaloosa County, Florida",19541.0,39.2,62361.0,341.0
"Okeechobee County, Florida",4880.0,40.1,11518.0,711.0
"Oldham County, Texas",356.0,45.4,715.0,100.0
"Oneida County, New York",28222.0,37.5,71170.0,878.0
"Onondaga County, New York",45657.0,37.7,152069.0,520.0
"Ontario County, New York",6562.0,37.9,36622.0,749.0
"Orange County, California",225712.0,38.1,1098973.0,5483.0
"Orange County, Florida",84857.0,38.8,494485.0,1804.0
"Orange County, Indiana",6482.0,39.7,6674.0,198.0
"Orange County, New York",103690.0,38.3,123452.0,969.0
"Orange County, Texas",7170.0,39.4,29023.0,139.0
"Orleans County, New York",11383.0,38.6,12583.0,581.0
"Osceola County, Florida",30777.0,38.4,121069.0,588.0
"Oswego County, New York",1102.0,37.2,35814.0,514.0
"Otsego County, New York",1412.0,36.7,18145.0,590.0
"Owen County, Indiana",1059.0,38.8,6893.0,131.0
"Palm Beach County, Florida",263141.0,38.7,474995.0,4232.0
"Palo Pinto County, Texas",3497.0,41.3,9110.0,260.0
"Panola County, Texas",6218.0,41.0,6865.0,157.0
"Parke County, Indiana",565.0,40.1,4743.0,277.0
"Parker County, Texas",7216.0,40.0,48287.0,1030.0
"Parmer County, Texas",2692.0,43.4,3851.0,707.0
"Pasco County, Florida",37387.0,39.0,162613.0,675.0
"Pecos County, Texas",1436.0,42.1,4916.0,193.0
"Perry County, Indiana",3105.0,40.1,5891.0,92.0
"Perry County, Pennsylvania",1733.0,39.6,17268.0,466.0
"Philadelphia County, Pennsylvania",429116.0,38.4,504175.0,525.0
"Pike County, Indiana",1647.0,40.5,4254.0,135.0
"Pike County, Pennsylvania",5649.0,38.3,16882.0,129.0
"Pinellas County, Florida",133666.0,39.2,328852.0,1307.0
"Placer County, California",9737.0,37.9,124877.0,706.0
"Plumas County, California",7.0,37.4,4542.0,229.0
"Polk County, Florida",95209.0,38.5,215573.0,3039.0
"Polk County, Texas",4713.0,41.2,13044.0,243.0
"Porter County, Indiana",13179.0,38.9,56513.0,326.0
"Posey County, Indiana",1274.0,39.0,9154.0,178.0
"Potter County, Pennsylvania",367.0,39.8,4807.0,246.0
"Potter County, Texas",21434.0,40.1,38525.0,209.0
"Presidio County, Texas",1046.0,37.9,1834.0,479.0
"Pulaski County, Indiana",1288.0,39.2,4112.0,460.0
"Putnam County, Florida",7734.0,38.2,19024.0,930.0
"Putnam County, Indiana",3485.0,37.9,11866.0,167.0
"Putnam County, New York",15986.0,38.5,35601.0,150.0
"Rains County, Texas",879.0,40.2,3556.0,41.0
"Randall County, Texas",11732.0,39.6,52466.0,847.0
"Randolph County, Indiana",2364.0,40.1,8113.0,633.0
"Reagan County, Texas",899.0,45.8,1422.0,75.0
"Real County, Texas",1072.0,40.2,889.0,96.0
"Red River County, Texas",3113.0,39.5,3348.0,200.0
"Reeves County, Texas",1525.0,43.7,4059.0,387.0
"Refugio County, Texas",2004.0,40.2,2124.0,66.0
"Rensselaer County, New York",10673.0,38.1,57098.0,333.0
"Ripley County, Indiana",2822.0,39.7,10340.0,148.0
"Riverside County, California",233000.0,37.8,722092.0,7401.0
"Roberts County, Texas",36.0,41.0,296.0,42.0
"Robertson County, Texas",828.0,38.4,4997.0,201.0
"Rockland County, New York",127628.0,37.3,96621.0,146.0
"Rockwall County, Texas",5898.0,40.9,39090.0,146.0
"Runnels County, Texas",1224.0,41.6,3382.0,186.0
"Rush County, Indiana",1148.0,41.0,5542.0,206.0
"Rusk County, Texas",3327.0,41.4,16372.0,238.0
"Sabine County, Texas",1441.0,40.8,2310.0,86.0
"Sacramento County, California",77308.0,37.6,498245.0,3405.0
"San Augustine County, Texas",2892.0,41.3,2132.0,149.0
"San Benito County, California",2292.0,38.0,19603.0,1273.0
"San Bernardino County, California",171282.0,38.0,645170.0,3807.0
"San Diego County, California",167372.0,38.6,1091307.0,8018.0
"San Francisco County, California",23513.0,40.4,378281.0,491.0
"San Jacinto County, Texas",1854.0,41.0,7226.0,130.0
"San Joaquin County, California",72833.0,38.4,221975.0,9848.0
"San Luis Obispo County, California",5318.0,36.2,82647.0,2170.0
"San Mateo County, California",33271.0,39.1,298072.0,1367.0
"San Patricio County, Texas",11042.0,40.4,21182.0,438.0
"San Saba County, Texas",524.0,38.0,1726.0,302.0
"Santa Barbara County, California",19782.0,37.2,136579.0,13072.0
"Santa Clara County, California",74379.0,38.6,729483.0,3298.0
"Santa Cruz County, California",4073.0,36.3,82619.0,3760.0
"Santa Rosa County, Florida",13439.0,39.9,54460.0,342.0
"Sarasota County, Florida",54852.0,38.6,119471.0,469.0
"Saratoga County, New York",3179.0,38.9,84856.0,640.0
"Schenectady County, New York",11090.0,37.6,52466.0,158.0
"Schleicher County, Texas",412.0,44.4,789.0,119.0
"Schoharie County, New York",320.0,38.1,9912.0,295.0
"Schuyler County, New York",321.0,37.8,5430.0,184.0
"Schuylkill County, Pennsylvania",19425.0,39.5,46760.0,729.0
"Scott County, Indiana",3373.0,40.6,7362.0,178.0
"Scurry County, Texas",1847.0,40.7,4804.0,96.0
"Seminole County, Florida",36397.0,38.9,174448.0,272.0
"Seneca County, New York",659.0,38.3,10565.0,431.0
"Shackelford County, Texas",15.0,40.5,1050.0,98.0
"Shasta County, California",5204.0,37.4,46420.0,1056.0
"Shelby County, Indiana",10483.0,39.8,15379.0,385.0
"Shelby County, Texas",5155.0,41.0,6937.0,575.0
"Sherman County, Texas",170.0,45.7,1104.0,336.0
"Sierra County, California",0.0,38.5,809.0,81.0
"Siskiyou County, California",258.0,37.4,9911.0,972.0
"Smith County, Texas",20594.0,39.7,77208.0,520.0
"Snyder County, Pennsylvania",2271.0,38.1,14149.0,452.0
"Solano County, California",12578.0,38.2,143726.0,1656.0
"Somerset County, Pennsylvania",1967.0,39.7,23619.0,599.0
"Somervell County, Texas",646.0,41.9,2899.0,95.0
"Sonoma County, California",19779.0,37.4,159842.0,4305.0
"Spencer County, Indiana",973.0,40.1,7385.0,354.0
"St. Johns County, Florida",12541.0,38.9,82226.0,885.0
"St. Joseph County, Indiana",32234.0,37.9,88241.0,349.0
"St. Lawrence County, New York",1721.0,36.9,29668.0,1105.0
"St. Lucie County, Florida",50361.0,39.1,97963.0,1149.0
"Stanislaus County, California",59545.0,38.0,155636.0,8148.0
"Starke County, Indiana",2717.0,38.4,6353.0,123.0
"Starr County, Texas",24969.0,37.9,14106.0,283.0
"Stephens County, Texas",842.0,40.7,2528.0,56.0
"Sterling County, Texas",49.0,45.0,477.0,36.0
"Steuben County, Indiana",1671.0,39.4,11363.0,176.0
"Steuben County, New York",11632.0,38.2,30364.0,934.0
"Stonewall County, Texas",192.0,39.2,463.0,37.0
"Suffolk County, New York",509117.0,38.2,538772.0,2111.0
"Sullivan County, Indiana",2003.0,39.0,6078.0,129.0
"Sullivan County, New York",8554.0,38.7,23175.0,261.0
"Sullivan County, Pennsylvania",101.0,40.4,2012.0,138.0
"Sumter County, Florida",13610.0,36.4,14909.0,169.0
"Susquehanna County, Pennsylvania",6389.0,39.9,12639.0,304.0
"Sutter County, California",2754.0,39.0,26790.0,2143.0
"Sutton County, Texas",479.0,42.5,1315.0,100.0
"Suwannee County, Florida",13053.0,36.9,11320.0,642.0
"Swisher County, Texas",864.0,41.6,1938.0,467.0
"Switzerland County, Indiana",217.0,39.4,3177.0,76.0
"Tarrant County, Texas",145920.0,40.0,774731.0,1048.0
"Taylor County, Florida",2309.0,40.6,4789.0,61.0
"Taylor County, Texas",12692.0,39.4,46909.0,383.0
"Tehama County, California",1991.0,38.8,16701.0,1037.0
"Terrell County, Texas",38.0,37.4,261.0,30.0
"Terry County, Texas",1905.0,44.1,3605.0,437.0
"Throckmorton County, Texas",308.0,40.7,458.0,76.0
"Tioga County, New York",6578.0,38.5,15867.0,252.0
"Tioga County, Pennsylvania",1977.0,39.3,12677.0,444.0
"Tippecanoe County, Indiana",4428.0,36.4,60573.0,591.0
"Tipton County, Indiana",4040.0,40.3,6006.0,173.0
"Titus County, Texas",5201.0,39.7,11115.0,156.0
"Tom Green County, Texas",13172.0,40.7,41048.0,670.0
"Tompkins County, New York",495.0,34.3,29475.0,445.0
"Travis County, Texas",78272.0,39.7,526548.0,1247.0
"Trinity County, California",45.0,36.3,2329.0,239.0
"Trinity County, Texas",1064.0,42.2,3701.0,138.0
"Tulare County, California",52701.0,38.7,120803.0,16909.0
"Tuolumne County, California",1072.0,36.8,13300.0,378.0
"Tyler County, Texas",694.0,40.9,4305.0,271.0
"Ulster County, New York",17963.0,37.1,57917.0,471.0
"Union County, Florida",5035.0,40.7,3138.0,87.0
"Union County, Indiana",88.0,41.2,2675.0,121.0
"Union County, Pennsylvania",1826.0,37.2,11667.0,166.0
"Upshur County, Texas",2104.0,41.5,12537.0,200.0
"Upton County, Texas",515.0,43.6,1212.0,48.0
"Uvalde County, Texas",4797.0,36.4,7663.0,269.0
"Val Verde County, Texas",17465.0,39.8,13822.0,298.0
"Van Zandt County, Texas",4702.0,41.1,16879.0,675.0
"Vanderburgh County, Indiana",11525.0,38.7,62407.0,294.0
"Venango County, Pennsylvania",968.0,38.9,15873.0,103.0
"Ventura County, California",27823.0,37.9,276031.0,11170.0
"Vermillion County, Indiana",749.0,39.8,5103.0,222.0
"Victoria County, Texas",14953.0,40.0,29632.0,301.0
"Vigo County, Indiana",9256.0,37.2,31512.0,139.0
"Volusia County, Florida",48354.0,38.6,168616.0,965.0
"Wabash County, Indiana",2356.0,37.6,10325.0,441.0
"Wakulla County, Florida",1829.0,40.0,11665.0,124.0
"Walker County, Texas",11412.0,37.3,18504.0,283.0
"Waller County, Texas",2163.0,38.6,17069.0,284.0
"Walton County, Florida",5082.0,39.4,22248.0,40.0
"Ward County, Texas",440.0,43.2,3947.0,37.0
"Warren County, Indiana",481.0,40.9,3025.0,251.0
"Warren County, New York",7338.0,38.9,22365.0,84.0
"Warren County, Pennsylvania",523.0,38.8,12862.0,279.0
"Warrick County, Indiana",11488.0,40.5,22844.0,454.0
"Washington County, Florida",4050.0,38.8,6393.0,216.0
"Washington County, Indiana",744.0,40.2,9097.0,401.0
"Washington County, New York",3087.0,38.8,19252.0,612.0
"Washington County, Pennsylvania",7650.0,39.2,69741.0,499.0
"Washington County, Texas",10094.0,39.3,12374.0,342.0
"Wayne County, Indiana",7356.0,39.0,21205.0,265.0
"Wayne County, New York",1439.0,38.6,31106.0,1090.0
"Wayne County, Pennsylvania",2531.0,38.0,14831.0,256.0
"Webb County, Texas",53516.0,38.7,81477.0,305.0
"Wells County, Indiana",2492.0,38.7,10273.0,284.0
"Westchester County, New York",385376.0,38.9,340055.0,1009.0
"Westmoreland County, Pennsylvania",23152.0,38.4,121010.0,373.0
"Wharton County, Texas",8410.0,41.6,13393.0,1162.0
"Wheeler County, Texas",282.0,42.3,1855.0,159.0
"White County, Indiana",3292.0,40.6,8053.0,444.0
"Whitley County, Indiana",1721.0,39.4,12550.0,310.0
"Wichita County, Texas",10132.0,39.1,39839.0,251.0
"Wilbarger County, Texas",1150.0,39.2,4246.0,155.0
"Willacy County, Texas",8032.0,39.8,5991.0,572.0
"Williamson County, Texas",26153.0,39.8,216662.0,514.0
"Wilson County, Texas",4590.0,41.6,17642.0,289.0
"Winkler County, Texas",622.0,43.1,2814.0,62.0
"Wise County, Texas",4104.0,40.3,23694.0,293.0
"Wood County, Texas",5396.0,40.6,12415.0,372.0
"Wyoming County, New York",1355.0,39.7,13460.0,988.0
"Wyoming County, Pennsylvania",2640.0,38.6,8863.0,150.0
"Yates County, New York",1499.0,37.4,7532.0,632.0
"Yoakum County, Texas",1170.0,43.9,2910.0,284.0
"Yolo County, California",12435.0,35.8,64380.0,2735.0
"York County, Pennsylvania",33658.0,39.1,163961.0,1257.0
"Young County, Texas",1918.0,41.0,6178.0,337.0
"Yuba County, California",1549.0,39.0,20467.0,888.0
"Zapata County, Texas",1026.0,36.9,3328.0,127.0
"Zavala County, Texas",2699.0,37.9,3080.0,114.0
"Bronx County, New York",0.0,36.6,405082.0,437.0
"Kings County, New York",0.0,38.5,864362.0,507.0
"Queens County, New York",0.0,38.1,820656.0,731.0
"Richmond County, New York",0.0,37.7,161783.0,115.0
